{
  "formatVersion": 1,
  "database": {
    "version": 31,
    "identityHash": "ba24ccdb664476aa7ddc5b05ee1eda61",
    "entities": [
      {
        "tableName": "wallets",
        "createSql": "CREATE TABLE IF NOT EXISTS `${TABLE_NAME}` (`id` TEXT NOT NULL, `name` TEXT NOT NULL, `domain_name` TEXT, `type` TEXT NOT NULL, `position` INTEGER NOT NULL, `pinned` INTEGER NOT NULL, `index` INTEGER NOT NULL, PRIMARY KEY(`id`))",
        "fields": [
          {
            "fieldPath": "id",
            "columnName": "id",
            "affinity": "TEXT",
            "notNull": true
          },
          {
            "fieldPath": "name",
            "columnName": "name",
            "affinity": "TEXT",
            "notNull": true
          },
          {
            "fieldPath": "domainName",
            "columnName": "domain_name",
            "affinity": "TEXT"
          },
          {
            "fieldPath": "type",
            "columnName": "type",
            "affinity": "TEXT",
            "notNull": true
          },
          {
            "fieldPath": "position",
            "columnName": "position",
            "affinity": "INTEGER",
            "notNull": true
          },
          {
            "fieldPath": "pinned",
            "columnName": "pinned",
            "affinity": "INTEGER",
            "notNull": true
          },
          {
            "fieldPath": "index",
            "columnName": "index",
            "affinity": "INTEGER",
            "notNull": true
          }
        ],
        "primaryKey": {
          "autoGenerate": false,
          "columnNames": [
            "id"
          ]
        }
      },
      {
        "tableName": "accounts",
        "createSql": "CREATE TABLE IF NOT EXISTS `${TABLE_NAME}` (`wallet_id` TEXT NOT NULL, `derivation_path` TEXT NOT NULL, `address` TEXT NOT NULL, `chain` TEXT NOT NULL, `extendedPublicKey` TEXT, PRIMARY KEY(`wallet_id`, `address`, `chain`, `derivation_path`))",
        "fields": [
          {
            "fieldPath": "walletId",
            "columnName": "wallet_id",
            "affinity": "TEXT",
            "notNull": true
          },
          {
            "fieldPath": "derivationPath",
            "columnName": "derivation_path",
            "affinity": "TEXT",
            "notNull": true
          },
          {
            "fieldPath": "address",
            "columnName": "address",
            "affinity": "TEXT",
            "notNull": true
          },
          {
            "fieldPath": "chain",
            "columnName": "chain",
            "affinity": "TEXT",
            "notNull": true
          },
          {
            "fieldPath": "extendedPublicKey",
            "columnName": "extendedPublicKey",
            "affinity": "TEXT"
          }
        ],
        "primaryKey": {
          "autoGenerate": false,
          "columnNames": [
            "wallet_id",
            "address",
            "chain",
            "derivation_path"
          ]
        }
      },
      {
        "tableName": "assets",
        "createSql": "CREATE TABLE IF NOT EXISTS `${TABLE_NAME}` (`owner_address` TEXT NOT NULL, `id` TEXT NOT NULL, `name` TEXT NOT NULL, `symbol` TEXT NOT NULL, `decimals` INTEGER NOT NULL, `type` TEXT NOT NULL, `is_pinned` INTEGER NOT NULL, `is_visible` INTEGER NOT NULL, `is_buy_enabled` INTEGER NOT NULL, `is_swap_enabled` INTEGER NOT NULL, `is_stake_enabled` INTEGER NOT NULL, `staking_apr` REAL, `links` TEXT, `market` TEXT, `rank` INTEGER NOT NULL, `created_at` INTEGER NOT NULL, `updated_at` INTEGER NOT NULL, PRIMARY KEY(`owner_address`, `id`))",
        "fields": [
          {
            "fieldPath": "address",
            "columnName": "owner_address",
            "affinity": "TEXT",
            "notNull": true
          },
          {
            "fieldPath": "id",
            "columnName": "id",
            "affinity": "TEXT",
            "notNull": true
          },
          {
            "fieldPath": "name",
            "columnName": "name",
            "affinity": "TEXT",
            "notNull": true
          },
          {
            "fieldPath": "symbol",
            "columnName": "symbol",
            "affinity": "TEXT",
            "notNull": true
          },
          {
            "fieldPath": "decimals",
            "columnName": "decimals",
            "affinity": "INTEGER",
            "notNull": true
          },
          {
            "fieldPath": "type",
            "columnName": "type",
            "affinity": "TEXT",
            "notNull": true
          },
          {
            "fieldPath": "isPinned",
            "columnName": "is_pinned",
            "affinity": "INTEGER",
            "notNull": true
          },
          {
            "fieldPath": "isVisible",
            "columnName": "is_visible",
            "affinity": "INTEGER",
            "notNull": true
          },
          {
            "fieldPath": "isBuyEnabled",
            "columnName": "is_buy_enabled",
            "affinity": "INTEGER",
            "notNull": true
          },
          {
            "fieldPath": "isSwapEnabled",
            "columnName": "is_swap_enabled",
            "affinity": "INTEGER",
            "notNull": true
          },
          {
            "fieldPath": "isStakeEnabled",
            "columnName": "is_stake_enabled",
            "affinity": "INTEGER",
            "notNull": true
          },
          {
            "fieldPath": "stakingApr",
            "columnName": "staking_apr",
            "affinity": "REAL"
          },
          {
            "fieldPath": "links",
            "columnName": "links",
            "affinity": "TEXT"
          },
          {
            "fieldPath": "market",
            "columnName": "market",
            "affinity": "TEXT"
          },
          {
            "fieldPath": "rank",
            "columnName": "rank",
            "affinity": "INTEGER",
            "notNull": true
          },
          {
            "fieldPath": "createdAt",
            "columnName": "created_at",
            "affinity": "INTEGER",
            "notNull": true
          },
          {
            "fieldPath": "updatedAt",
            "columnName": "updated_at",
            "affinity": "INTEGER",
            "notNull": true
          }
        ],
        "primaryKey": {
          "autoGenerate": false,
          "columnNames": [
            "owner_address",
            "id"
          ]
        },
        "indices": [
          {
            "name": "index_assets_owner_address",
            "unique": false,
            "columnNames": [
              "owner_address"
            ],
            "orders": [],
            "createSql": "CREATE INDEX IF NOT EXISTS `index_assets_owner_address` ON `${TABLE_NAME}` (`owner_address`)"
          },
          {
            "name": "index_assets_id",
            "unique": false,
            "columnNames": [
              "id"
            ],
            "orders": [],
            "createSql": "CREATE INDEX IF NOT EXISTS `index_assets_id` ON `${TABLE_NAME}` (`id`)"
          }
        ]
      },
      {
        "tableName": "balances",
        "createSql": "CREATE TABLE IF NOT EXISTS `${TABLE_NAME}` (`asset_id` TEXT NOT NULL, `address` TEXT NOT NULL, `type` TEXT NOT NULL, `amount` TEXT NOT NULL, `updated_at` INTEGER NOT NULL, PRIMARY KEY(`asset_id`, `address`, `type`))",
        "fields": [
          {
            "fieldPath": "assetId",
            "columnName": "asset_id",
            "affinity": "TEXT",
            "notNull": true
          },
          {
            "fieldPath": "address",
            "columnName": "address",
            "affinity": "TEXT",
            "notNull": true
          },
          {
            "fieldPath": "type",
            "columnName": "type",
            "affinity": "TEXT",
            "notNull": true
          },
          {
            "fieldPath": "amount",
            "columnName": "amount",
            "affinity": "TEXT",
            "notNull": true
          },
          {
            "fieldPath": "updatedAt",
            "columnName": "updated_at",
            "affinity": "INTEGER",
            "notNull": true
          }
        ],
        "primaryKey": {
          "autoGenerate": false,
          "columnNames": [
            "asset_id",
            "address",
            "type"
          ]
        },
        "indices": [
          {
            "name": "index_balances_asset_id",
            "unique": false,
            "columnNames": [
              "asset_id"
            ],
            "orders": [],
            "createSql": "CREATE INDEX IF NOT EXISTS `index_balances_asset_id` ON `${TABLE_NAME}` (`asset_id`)"
          },
          {
            "name": "index_balances_address",
            "unique": false,
            "columnNames": [
              "address"
            ],
            "orders": [],
            "createSql": "CREATE INDEX IF NOT EXISTS `index_balances_address` ON `${TABLE_NAME}` (`address`)"
          }
        ]
      },
      {
        "tableName": "prices",
        "createSql": "CREATE TABLE IF NOT EXISTS `${TABLE_NAME}` (`assetId` TEXT NOT NULL, `value` REAL NOT NULL, `dayChanged` REAL NOT NULL, PRIMARY KEY(`assetId`))",
        "fields": [
          {
            "fieldPath": "assetId",
            "columnName": "assetId",
            "affinity": "TEXT",
            "notNull": true
          },
          {
            "fieldPath": "value",
            "columnName": "value",
            "affinity": "REAL",
            "notNull": true
          },
          {
            "fieldPath": "dayChanged",
            "columnName": "dayChanged",
            "affinity": "REAL",
            "notNull": true
          }
        ],
        "primaryKey": {
          "autoGenerate": false,
          "columnNames": [
            "assetId"
          ]
        }
      },
      {
        "tableName": "tokens",
        "createSql": "CREATE TABLE IF NOT EXISTS `${TABLE_NAME}` (`id` TEXT NOT NULL, `name` TEXT NOT NULL, `symbol` TEXT NOT NULL, `decimals` INTEGER NOT NULL, `type` TEXT NOT NULL, `rank` INTEGER NOT NULL, PRIMARY KEY(`id`))",
        "fields": [
          {
            "fieldPath": "id",
            "columnName": "id",
            "affinity": "TEXT",
            "notNull": true
          },
          {
            "fieldPath": "name",
            "columnName": "name",
            "affinity": "TEXT",
            "notNull": true
          },
          {
            "fieldPath": "symbol",
            "columnName": "symbol",
            "affinity": "TEXT",
            "notNull": true
          },
          {
            "fieldPath": "decimals",
            "columnName": "decimals",
            "affinity": "INTEGER",
            "notNull": true
          },
          {
            "fieldPath": "type",
            "columnName": "type",
            "affinity": "TEXT",
            "notNull": true
          },
          {
            "fieldPath": "rank",
            "columnName": "rank",
            "affinity": "INTEGER",
            "notNull": true
          }
        ],
        "primaryKey": {
          "autoGenerate": false,
          "columnNames": [
            "id"
          ]
        }
      },
      {
        "tableName": "transactions",
        "createSql": "CREATE TABLE IF NOT EXISTS `${TABLE_NAME}` (`id` TEXT NOT NULL, `hash` TEXT NOT NULL, `assetId` TEXT NOT NULL, `feeAssetId` TEXT NOT NULL, `owner` TEXT NOT NULL, `recipient` TEXT NOT NULL, `contract` TEXT, `metadata` TEXT, `state` TEXT NOT NULL, `type` TEXT NOT NULL, `blockNumber` TEXT NOT NULL, `sequence` TEXT NOT NULL, `fee` TEXT NOT NULL, `value` TEXT NOT NULL, `payload` TEXT, `direction` TEXT NOT NULL, `createdAt` INTEGER NOT NULL, `updatedAt` INTEGER NOT NULL, PRIMARY KEY(`id`))",
        "fields": [
          {
            "fieldPath": "id",
            "columnName": "id",
            "affinity": "TEXT",
            "notNull": true
          },
          {
            "fieldPath": "hash",
            "columnName": "hash",
            "affinity": "TEXT",
            "notNull": true
          },
          {
            "fieldPath": "assetId",
            "columnName": "assetId",
            "affinity": "TEXT",
            "notNull": true
          },
          {
            "fieldPath": "feeAssetId",
            "columnName": "feeAssetId",
            "affinity": "TEXT",
            "notNull": true
          },
          {
            "fieldPath": "owner",
            "columnName": "owner",
            "affinity": "TEXT",
            "notNull": true
          },
          {
            "fieldPath": "recipient",
            "columnName": "recipient",
            "affinity": "TEXT",
            "notNull": true
          },
          {
            "fieldPath": "contract",
            "columnName": "contract",
            "affinity": "TEXT"
          },
          {
            "fieldPath": "metadata",
            "columnName": "metadata",
            "affinity": "TEXT"
          },
          {
            "fieldPath": "state",
            "columnName": "state",
            "affinity": "TEXT",
            "notNull": true
          },
          {
            "fieldPath": "type",
            "columnName": "type",
            "affinity": "TEXT",
            "notNull": true
          },
          {
            "fieldPath": "blockNumber",
            "columnName": "blockNumber",
            "affinity": "TEXT",
            "notNull": true
          },
          {
            "fieldPath": "sequence",
            "columnName": "sequence",
            "affinity": "TEXT",
            "notNull": true
          },
          {
            "fieldPath": "fee",
            "columnName": "fee",
            "affinity": "TEXT",
            "notNull": true
          },
          {
            "fieldPath": "value",
            "columnName": "value",
            "affinity": "TEXT",
            "notNull": true
          },
          {
            "fieldPath": "payload",
            "columnName": "payload",
            "affinity": "TEXT"
          },
          {
            "fieldPath": "direction",
            "columnName": "direction",
            "affinity": "TEXT",
            "notNull": true
          },
          {
            "fieldPath": "createdAt",
            "columnName": "createdAt",
            "affinity": "INTEGER",
            "notNull": true
          },
          {
            "fieldPath": "updatedAt",
            "columnName": "updatedAt",
            "affinity": "INTEGER",
            "notNull": true
          }
        ],
        "primaryKey": {
          "autoGenerate": false,
          "columnNames": [
            "id"
          ]
        }
      },
      {
        "tableName": "tx_swap_metadata",
        "createSql": "CREATE TABLE IF NOT EXISTS `${TABLE_NAME}` (`tx_id` TEXT NOT NULL, `from_asset_id` TEXT NOT NULL, `to_asset_id` TEXT NOT NULL, `from_amount` TEXT NOT NULL, `to_amount` TEXT NOT NULL, PRIMARY KEY(`tx_id`))",
        "fields": [
          {
            "fieldPath": "txId",
            "columnName": "tx_id",
            "affinity": "TEXT",
            "notNull": true
          },
          {
            "fieldPath": "fromAssetId",
            "columnName": "from_asset_id",
            "affinity": "TEXT",
            "notNull": true
          },
          {
            "fieldPath": "toAssetId",
            "columnName": "to_asset_id",
            "affinity": "TEXT",
            "notNull": true
          },
          {
            "fieldPath": "fromAmount",
            "columnName": "from_amount",
            "affinity": "TEXT",
            "notNull": true
          },
          {
            "fieldPath": "toAmount",
            "columnName": "to_amount",
            "affinity": "TEXT",
            "notNull": true
          }
        ],
        "primaryKey": {
          "autoGenerate": false,
          "columnNames": [
            "tx_id"
          ]
        }
      },
      {
        "tableName": "room_connection",
        "createSql": "CREATE TABLE IF NOT EXISTS `${TABLE_NAME}` (`id` TEXT NOT NULL, `wallet_id` TEXT NOT NULL, `session_id` TEXT NOT NULL, `state` TEXT NOT NULL, `created_at` INTEGER NOT NULL, `expire_at` INTEGER NOT NULL, `app_name` TEXT NOT NULL, `app_description` TEXT NOT NULL, `app_url` TEXT NOT NULL, `app_icon` TEXT NOT NULL, `redirect_native` TEXT, `redirect_universal` TEXT, PRIMARY KEY(`id`))",
        "fields": [
          {
            "fieldPath": "id",
            "columnName": "id",
            "affinity": "TEXT",
            "notNull": true
          },
          {
            "fieldPath": "walletId",
            "columnName": "wallet_id",
            "affinity": "TEXT",
            "notNull": true
          },
          {
            "fieldPath": "sessionId",
            "columnName": "session_id",
            "affinity": "TEXT",
            "notNull": true
          },
          {
            "fieldPath": "state",
            "columnName": "state",
            "affinity": "TEXT",
            "notNull": true
          },
          {
            "fieldPath": "createdAt",
            "columnName": "created_at",
            "affinity": "INTEGER",
            "notNull": true
          },
          {
            "fieldPath": "expireAt",
            "columnName": "expire_at",
            "affinity": "INTEGER",
            "notNull": true
          },
          {
            "fieldPath": "appName",
            "columnName": "app_name",
            "affinity": "TEXT",
            "notNull": true
          },
          {
            "fieldPath": "appDescription",
            "columnName": "app_description",
            "affinity": "TEXT",
            "notNull": true
          },
          {
            "fieldPath": "appUrl",
            "columnName": "app_url",
            "affinity": "TEXT",
            "notNull": true
          },
          {
            "fieldPath": "appIcon",
            "columnName": "app_icon",
            "affinity": "TEXT",
            "notNull": true
          },
          {
            "fieldPath": "redirectNative",
            "columnName": "redirect_native",
            "affinity": "TEXT"
          },
          {
            "fieldPath": "redirectUniversal",
            "columnName": "redirect_universal",
            "affinity": "TEXT"
          }
        ],
        "primaryKey": {
          "autoGenerate": false,
          "columnNames": [
            "id"
          ]
        }
      },
      {
        "tableName": "stake_delegation_validator",
        "createSql": "CREATE TABLE IF NOT EXISTS `${TABLE_NAME}` (`id` TEXT NOT NULL, `chain` TEXT NOT NULL, `name` TEXT NOT NULL, `is_active` INTEGER NOT NULL, `commission` REAL NOT NULL, `apr` REAL NOT NULL, PRIMARY KEY(`id`))",
        "fields": [
          {
            "fieldPath": "id",
            "columnName": "id",
            "affinity": "TEXT",
            "notNull": true
          },
          {
            "fieldPath": "chain",
            "columnName": "chain",
            "affinity": "TEXT",
            "notNull": true
          },
          {
            "fieldPath": "name",
            "columnName": "name",
            "affinity": "TEXT",
            "notNull": true
          },
          {
            "fieldPath": "isActive",
            "columnName": "is_active",
            "affinity": "INTEGER",
            "notNull": true
          },
          {
            "fieldPath": "commission",
            "columnName": "commission",
            "affinity": "REAL",
            "notNull": true
          },
          {
            "fieldPath": "apr",
            "columnName": "apr",
            "affinity": "REAL",
            "notNull": true
          }
        ],
        "primaryKey": {
          "autoGenerate": false,
          "columnNames": [
            "id"
          ]
        }
      },
      {
        "tableName": "stake_delegation_base",
        "createSql": "CREATE TABLE IF NOT EXISTS `${TABLE_NAME}` (`id` TEXT NOT NULL, `address` TEXT NOT NULL, `delegation_id` TEXT NOT NULL, `validator_id` TEXT NOT NULL, `asset_id` TEXT NOT NULL, `state` TEXT NOT NULL, `balance` TEXT NOT NULL, `rewards` TEXT NOT NULL, `completion_date` INTEGER, `price` REAL, `price_change` REAL, `shares` TEXT, PRIMARY KEY(`id`))",
        "fields": [
          {
            "fieldPath": "id",
            "columnName": "id",
            "affinity": "TEXT",
            "notNull": true
          },
          {
            "fieldPath": "address",
            "columnName": "address",
            "affinity": "TEXT",
            "notNull": true
          },
          {
            "fieldPath": "delegationId",
            "columnName": "delegation_id",
            "affinity": "TEXT",
            "notNull": true
          },
          {
            "fieldPath": "validatorId",
            "columnName": "validator_id",
            "affinity": "TEXT",
            "notNull": true
          },
          {
            "fieldPath": "assetId",
            "columnName": "asset_id",
            "affinity": "TEXT",
            "notNull": true
          },
          {
            "fieldPath": "state",
            "columnName": "state",
            "affinity": "TEXT",
            "notNull": true
          },
          {
            "fieldPath": "balance",
            "columnName": "balance",
            "affinity": "TEXT",
            "notNull": true
          },
          {
            "fieldPath": "rewards",
            "columnName": "rewards",
            "affinity": "TEXT",
            "notNull": true
          },
          {
            "fieldPath": "completionDate",
            "columnName": "completion_date",
            "affinity": "INTEGER"
          },
          {
            "fieldPath": "price",
            "columnName": "price",
            "affinity": "REAL"
          },
          {
            "fieldPath": "priceChange",
            "columnName": "price_change",
            "affinity": "REAL"
          },
          {
            "fieldPath": "shares",
            "columnName": "shares",
            "affinity": "TEXT"
          }
        ],
        "primaryKey": {
          "autoGenerate": false,
          "columnNames": [
            "id"
          ]
        }
      },
      {
        "tableName": "nodes",
        "createSql": "CREATE TABLE IF NOT EXISTS `${TABLE_NAME}` (`url` TEXT NOT NULL, `status` TEXT NOT NULL, `priority` INTEGER NOT NULL, `chain` TEXT NOT NULL, PRIMARY KEY(`url`))",
        "fields": [
          {
            "fieldPath": "url",
            "columnName": "url",
            "affinity": "TEXT",
            "notNull": true
          },
          {
            "fieldPath": "status",
            "columnName": "status",
            "affinity": "TEXT",
            "notNull": true
          },
          {
            "fieldPath": "priority",
            "columnName": "priority",
            "affinity": "INTEGER",
            "notNull": true
          },
          {
            "fieldPath": "chain",
            "columnName": "chain",
            "affinity": "TEXT",
            "notNull": true
          }
        ],
        "primaryKey": {
          "autoGenerate": false,
          "columnNames": [
            "url"
          ]
        }
      },
      {
        "tableName": "session",
        "createSql": "CREATE TABLE IF NOT EXISTS `${TABLE_NAME}` (`id` INTEGER NOT NULL, `wallet_id` TEXT NOT NULL, `currency` TEXT NOT NULL, PRIMARY KEY(`id`))",
        "fields": [
          {
            "fieldPath": "id",
            "columnName": "id",
            "affinity": "INTEGER",
            "notNull": true
          },
          {
            "fieldPath": "walletId",
            "columnName": "wallet_id",
            "affinity": "TEXT",
            "notNull": true
          },
          {
            "fieldPath": "currency",
            "columnName": "currency",
            "affinity": "TEXT",
            "notNull": true
          }
        ],
        "primaryKey": {
          "autoGenerate": false,
          "columnNames": [
            "id"
          ]
        }
      },
      {
        "tableName": "asset_config",
        "createSql": "CREATE TABLE IF NOT EXISTS `${TABLE_NAME}` (`asset_id` TEXT NOT NULL, `wallet_id` TEXT NOT NULL, `is_pinned` INTEGER NOT NULL, `is_visible` INTEGER NOT NULL, `list_position` INTEGER NOT NULL, PRIMARY KEY(`asset_id`, `wallet_id`))",
        "fields": [
          {
            "fieldPath": "assetId",
            "columnName": "asset_id",
            "affinity": "TEXT",
            "notNull": true
          },
          {
            "fieldPath": "walletId",
            "columnName": "wallet_id",
            "affinity": "TEXT",
            "notNull": true
          },
          {
            "fieldPath": "isPinned",
            "columnName": "is_pinned",
            "affinity": "INTEGER",
            "notNull": true
          },
          {
            "fieldPath": "isVisible",
            "columnName": "is_visible",
            "affinity": "INTEGER",
            "notNull": true
          },
          {
            "fieldPath": "listPosition",
            "columnName": "list_position",
            "affinity": "INTEGER",
            "notNull": true
          }
        ],
        "primaryKey": {
          "autoGenerate": false,
          "columnNames": [
            "asset_id",
            "wallet_id"
          ]
        }
      }
    ],
    "views": [
      {
        "viewName": "asset_info",
        "createSql": "CREATE VIEW `${VIEW_NAME}` AS SELECT\n            assets.owner_address as address,\n            assets.id as id,\n            assets.name as name,\n            assets.symbol as symbol,\n            assets.decimals as decimals,\n            assets.type as type,\n            assets.is_buy_enabled as isBuyEnabled,\n            assets.is_swap_enabled as isSwapEnabled,\n            assets.is_stake_enabled as isStakeEnabled,\n            assets.staking_apr as stakingApr,\n            assets.links as links,\n            assets.market as market,\n            assets.rank as assetRank,\n            accounts.derivation_path as derivationPath,\n            accounts.chain as chain,\n            accounts.wallet_id as walletId,\n            accounts.extendedPublicKey as extendedPublicKey,\n            asset_config.is_pinned AS pinned,\n            asset_config.is_visible AS visible,\n            asset_config.list_position AS listPosition,\n            session.currency AS priceCurrency,\n            wallets.type AS walletType,\n            wallets.name AS walletName,\n            prices.value AS priceValue,\n            prices.dayChanged AS priceDayChanges,\n            balances.amount AS amount,\n            balances.type AS balanceType\n        FROM assets\n        JOIN accounts ON accounts.address = assets.owner_address AND assets.id LIKE accounts.chain || '%'\n        JOIN wallets ON wallets.id = accounts.wallet_id\n        JOIN session ON accounts.wallet_id = session.wallet_id AND session.id == 1\n        LEFT JOIN balances ON assets.owner_address = balances.address AND assets.id = balances.asset_id\n        LEFT JOIN prices ON assets.id = prices.assetId\n        LEFT JOIN asset_config ON assets.id = asset_config.asset_id AND wallets.id = asset_config.wallet_id"
      },
      {
        "viewName": "extended_txs",
        "createSql": "CREATE VIEW `${VIEW_NAME}` AS SELECT\n            DISTINCT tx.id,\n            tx.hash,\n            tx.assetId,\n            tx.feeAssetId,\n            tx.owner,\n            tx.recipient,\n            tx.contract,\n            tx.state,\n            tx.type,\n            tx.blockNumber,\n            tx.sequence,\n            tx.fee,\n            tx.value,\n            tx.payload,\n            tx.metadata,\n            tx.direction,\n            tx.createdAt,\n            tx.updatedAt,\n            assets.decimals as assetDecimals,\n            assets.name as assetName,\n            assets.type as assetType,\n            assets.symbol as assetSymbol,\n            feeAsset.decimals as feeDecimals,\n            feeAsset.name as feeName,\n            feeAsset.type as feeType,\n            feeAsset.symbol as feeSymbol,\n            prices.value as assetPrice,\n            prices.dayChanged as assetPriceChanged,\n            feePrices.value as feePrice,\n            feePrices.dayChanged as feePriceChanged\n        FROM transactions as tx \n            INNER JOIN assets ON tx.assetId = assets.id \n            INNER JOIN assets as feeAsset ON tx.feeAssetId = feeAsset.id \n            LEFT JOIN prices ON tx.assetId = prices.assetId\n            LEFT JOIN prices as feePrices ON tx.feeAssetId = feePrices.assetId \n            WHERE tx.owner IN (SELECT accounts.address FROM accounts, session\n    WHERE accounts.wallet_id = session.wallet_id AND session.id = 1) OR tx.recipient in (SELECT accounts.address FROM accounts, session\n    WHERE accounts.wallet_id = session.wallet_id AND session.id = 1)\n            GROUP BY tx.id"
      }
    ],
    "setupQueries": [
      "CREATE TABLE IF NOT EXISTS room_master_table (id INTEGER PRIMARY KEY,identity_hash TEXT)",
      "INSERT OR REPLACE INTO room_master_table (id,identity_hash) VALUES(42, 'ba24ccdb664476aa7ddc5b05ee1eda61')"
    ]
  }
}